Workbook

Sheet Control Onion
B1: Control | C1: R1 | D1: R2 | E1: R3 | F1: R4 | G1: R5 | H1: R6 | I1: R7 | J1: R8 | K1: R9 | L1: R10 | M1: Mean
A2: Day 3 | B2: 0.1,0.2,0.3, 0.5 | C2: 1.5 | D2: 1.6 | E2: 1.8 | F2: 2.1 | G2: 2.3 | H2: 2.3 | I2: 2.4 | J2: 2.4 | K2: 2.4 | L2: 2.5 | M2: =AVERAGE(C2:L2) -> 2.13
A3: Day 5 | B3: 0.1,0.2,0.3, 0.5 | C3: 3.4 | D3: 3.5 | E3: 3.5 | F3: 3.8 | G3: 4 | H3: 4.2 | I3: 4.7 | J3: 4.7 | K3: 4.7 | L3: 4.8 | M3: =AVERAGE(C3:L3) -> 4.13
A4: Day 7 | B4: 0.1,0.2,0.3, 0.5 | C4: 4.6 | D4: 5.2 | E4: 5.3 | F4: 5.6 | G4: 5.6 | H4: 5.7 | I4: 5.8 | J4: 6 | K4: 6.1 | L4: 6.2 | M4: =AVERAGE(C4:L4) -> 5.61
D8: Biochar Concentration | E8: Day 3 | G8: Day 5 | I8: Day 7
E9: Mean | F9: SD | G9: Mean | H9: SD | I9: Mean | J9: SD
D10: Control | E10: =AVERAGE(C2:L2) -> 2.13 | F10: =ROUND(_xlfn.STDEV.S(C2:L2),2) -> 0.37 | G10: =AVERAGE(C3:L3) -> 4.13 | H10: =ROUND(_xlfn.STDEV.S(C3:L3),2) -> 0.57 | I10: =AVERAGE(C4:L4) -> 5.61 | J10: =ROUND(_xlfn.STDEV.S(C4:L4),2) -> 0.48

Sheet Acrostichum aureum
A1: Day 3 | B1: Concentration | C1: R1 | D1: R2 | E1: R3 | F1: R4 | G1: R5 | H1: R6 | I1: R7 | J1: R8 | K1: R9 | L1: R10 | M1: Mean
B2: 0.1 | C2: 0 | D2: 0 | E2: 0 | F2: 0 | G2: 0 | H2: 0 | I2: 0 | J2: 0 | K2: 0 | L2: 0 | M2: =AVERAGE(C2:L2) -> 0
B3: 0.2 | C3: 3.2 | D3: 2 | E3: 2 | F3: 2.1 | G3: 2.1 | H3: 3.6 | I3: 2.4 | J3: 2.3 | K3: 2.4 | L3: 1.6 | M3: =AVERAGE(C3:L3) -> 2.37
B4: 0.3 | C4: 2.4 | D4: 2.2 | E4: 2.4 | F4: 2 | G4: 2.5 | H4: 2 | I4: 2 | J4: 2.3 | K4: 2 | L4: 2.1 | M4: =AVERAGE(C4:L4) -> 2.19
B5: 0.5 | C5: 3.1 | D5: 3.1 | E5: 3.2 | F5: 2.5 | G5: 2.4 | H5: 2.3 | I5: 2.5 | J5: 2.1 | K5: 2.5 | L5: 2.1 | M5: =AVERAGE(C5:L5) -> 2.58
A7: Day 5 | B7: Concentration | C7: R1 | D7: R2 | E7: R3 | F7: R4 | G7: R5 | H7: R6 | I7: R7 | J7: R8 | K7: R9 | L7: R10 | M7: Mean
B8: 0.1 | C8: 0 | D8: 0 | E8: 0 | F8: 0 | G8: 0 | H8: 0 | I8: 0 | J8: 0 | K8: 0 | L8: 0 | M8: =C8+D8+E8+F8+G8+H8+I8+J8+K8+L8 -> 0
B9: 0.2 | C9: 5.1 | D9: 5.1 | E9: 5 | F9: 4.8 | G9: 5.3 | H9: 5 | I9: 4.5 | J9: 5.5 | K9: 5.4 | L9: 5.7 | M9: =AVERAGE(C9:L9) -> 5.14
B10: 0.3 | C10: 4.4 | D10: 5.6 | E10: 5 | F10: 5.2 | G10: 4.7 | H10: 4.2 | I10: 4.8 | J10: 5.7 | K10: 5.5 | L10: 4.9 | M10: =AVERAGE(C10:L10) -> 5
B11: 0.5 | C11: 5.6 | D11: 5.7 | E11: 6 | F11: 5.9 | G11: 5.4 | H11: 5.2 | I11: 5.4 | J11: 4.9 | K11: 5.4 | L11: 5.9 | M11: =AVERAGE(C11:L11) -> 5.54
A13: Day 7 | B13: Concentration | C13: R1 | D13: R2 | E13: R3 | F13: R4 | G13: R5 | H13: R6 | I13: R7 | J13: R8 | K13: R9 | L13: R10 | M13: Mean
B14: 0.1 | C14: 0 | D14: 0 | E14: 0 | F14: 0 | G14: 0 | H14: 0 | I14: 0 | J14: 0 | K14: 0 | L14: 0 | M14: =AVERAGE(C14:L14) -> 0
B15: 0.2 | C15: 6.5 | D15: 6.4 | E15: 6.7 | F15: 6.5 | G15: 5.9 | H15: 5.2 | I15: 6.5 | J15: 7 | K15: 6.9 | L15: 6 | M15: =AVERAGE(C15:L15) -> 6.36
B16: 0.3 | C16: 7.5 | D16: 7.5 | E16: 8 | F16: 7.9 | G16: 7.9 | H16: 7.4 | I16: 6.8 | J16: 7 | K16: 7.1 | L16: 6.8 | M16: =AVERAGE(C16:L16) -> 7.39
B17: 0.5 | C17: 8 | D17: 7.8 | E17: 7.7 | F17: 6.8 | G17: 7.9 | H17: 8.2 | I17: 6.9 | J17: 7.7 | K17: 6.7 | L17: 7.7 | M17: =AVERAGE(C17:L17) -> 7.54
B20: Biochar Concentration | C20: Day 3 | E20: Day 5 | G20: Day 7
C21: Mean | D21: SD | E21: Mean | F21: SD | G21: Mean | H21: SD
B22: 0.1 | C22: =AVERAGE(C2:L2) -> 0 | D22: =ROUND(_xlfn.STDEV.S(C2:L2),2) -> 0 | E22: =AVERAGE(C8:L8) -> 0 | F22: =ROUND(_xlfn.STDEV.S(C8:L8),2) -> 0 | G22: =AVERAGE(C14:L14) -> 0 | H22: =ROUND(_xlfn.STDEV.S(C14:L14),2) -> 0
B23: 0.2 | C23: =AVERAGE(C3:L3) -> 2.37 | D23: =ROUND(_xlfn.STDEV.S(C3:L3),2) -> 0.6 | E23: =AVERAGE(C9:L9) -> 5.14 | F23: =ROUND(_xlfn.STDEV.S(C9:L9),2) -> 0.35 | G23: =AVERAGE(C15:L15) -> 6.36 | H23: =ROUND(_xlfn.STDEV.S(C15:L15),2) -> 0.53
B24: 0.3 | C24: =AVERAGE(C4:L4) -> 2.19 | D24: =ROUND(_xlfn.STDEV.S(C4:L4),2) -> 0.2 | E24: =AVERAGE(C10:L10) -> 5 | F24: =ROUND(_xlfn.STDEV.S(C10:L10),2) -> 0.5 | G24: =AVERAGE(C16:L16) -> 7.39 | H24: =ROUND(_xlfn.STDEV.S(C16:L16),2) -> 0.45
B25: 0.5 | C25: =AVERAGE(C5:L5) -> 2.58 | D25: =ROUND(_xlfn.STDEV.S(C5:L5),2) -> 0.41 | E25: =AVERAGE(C11:L11) -> 5.54 | F25: =ROUND(_xlfn.STDEV.S(C11:L11),2) -> 0.35 | G25: =AVERAGE(C17:L17) -> 7.54 | H25: =ROUND(_xlfn.STDEV.S(C17:L17),2) -> 0.54
B26: Control | C26: ='Control Onion'!E10 -> 2.13 | D26: ='Control Onion'!F10 -> 0.37 | E26: ='Control Onion'!G10 -> 4.13 | F26: ='Control Onion'!H10 -> 0.57 | G26: ='Control Onion'!I10 -> 5.61 | H26: ='Control Onion'!J10 -> 0.48

Sheet Cyclosorus interruptus
A1: Day 3 | B1: Concentration | C1: R1 | D1: R2 | E1: R3 | F1: R4 | G1: R5 | H1: R6 | I1: R7 | J1: R8 | K1: R9 | L1: R10 | M1: Mean
B2: 0.1 | C2: 1.8 | D2: 1.1 | E2: 1 | F2: 1.4 | G2: 1.3 | H2: 1.5 | I2: 1 | J2: 1.5 | K2: 1 | L2: 1 | M2: =AVERAGE(C2:L2) -> 1.26
B3: 0.2 | C3: 1.5 | D3: 1.4 | E3: 1.9 | F3: 1.8 | G3: 1.4 | H3: 1.3 | I3: 1.3 | J3: 2.2 | K3: 1 | L3: 1.2 | M3: =AVERAGE(C3:L3) -> 1.5
B4: 0.3 | C4: 1.5 | D4: 2 | E4: 2.2 | F4: 1.8 | G4: 1.4 | H4: 1.7 | I4: 2.3 | J4: 2 | K4: 2.2 | L4: 2.1 | M4: =AVERAGE(C4:L4) -> 1.92
B5: 0.5 | C5: 2.7 | D5: 2.5 | E5: 3 | F5: 2.9 | G5: 3 | H5: 2.9 | I5: 2.5 | J5: 2.9 | K5: 2.6 | L5: 2.7 | M5: =AVERAGE(C5:L5) -> 2.77
A7: Day 5 | B7: Concentration | C7: R1 | D7: R2 | E7: R3 | F7: R4 | G7: R5 | H7: R6 | I7: R7 | J7: R8 | K7: R9 | L7: R10 | M7: Mean
B8: 0.1 | C8: 2.4 | D8: 2.5 | E8: 2.1 | F8: 3.1 | G8: 2.9 | H8: 1.8 | I8: 2.3 | J8: 2.8 | K8: 2 | L8: 1.6 | M8: =AVERAGE(C8:L8) -> 2.35
B9: 0.2 | C9: 2.8 | D9: 2.3 | E9: 3.2 | F9: 2.5 | G9: 3.8 | H9: 3.5 | I9: 3.3 | J9: 2.8 | K9: 2.8 | L9: 2.2 | M9: =AVERAGE(C9:L9) -> 2.92
B10: 0.3 | C10: 4.1 | D10: 4 | E10: 3.9 | F10: 3.3 | G10: 3.4 | H10: 3.1 | I10: 4.2 | J10: 4.6 | K10: 3.6 | L10: 3.5 | M10: =AVERAGE(C10:L10) -> 3.77
B11: 0.5 | C11: 5.6 | D11: 5.4 | E11: 5.1 | F11: 5.9 | G11: 5.5 | H11: 5.6 | I11: 5.5 | J11: 6.5 | K11: 5.5 | L11: 6.3 | M11: =AVERAGE(C11:L11) -> 5.69
A13: Day 7 | B13: Concentration | C13: R1 | D13: R2 | E13: R3 | F13: R4 | G13: R5 | H13: R6 | I13: R7 | J13: R8 | K13: R9 | L13: R10 | M13: Mean
B14: 0.1 | C14: 4 | D14: 4.5 | E14: 3.5 | F14: 3 | G14: 4 | H14: 2.4 | I14: 3.9 | J14: 2.8 | K14: 2.2 | L14: 2.1 | M14: =AVERAGE(C14:L14) -> 3.24
B15: 0.2 | C15: 4.7 | D15: 4.7 | E15: 4.2 | F15: 3.4 | G15: 3.4 | H15: 3.9 | I15: 3.7 | J15: 3.8 | K15: 2.7 | L15: 3.4 | M15: =AVERAGE(C15:L15) -> 3.79
B16: 0.3 | C16: 5.4 | D16: 5.2 | E16: 5 | F16: 4.2 | G16: 5.1 | H16: 4.8 | I16: 4.9 | J16: 5.7 | K16: 4.4 | L16: 4.1 | M16: =AVERAGE(C16:L16) -> 4.88
B17: 0.5 | C17: 6.6 | D17: 6 | E17: 8.3 | F17: 7.9 | G17: 7.6 | H17: 8.5 | I17: 8.2 | J17: 6.2 | K17: 6.3 | L17: 6 | M17: =AVERAGE(C17:L17) -> 7.16
B20: Biochar Concentration | C20: Day 3 | E20: Day 5 | G20: Day 7
C21: Mean | D21: SD | E21: Mean | F21: SD | G21: Mean | H21: SD
B22: 0.1 | C22: =AVERAGE(C2:L2) -> 1.26 | D22: =ROUND(_xlfn.STDEV.S(C2:L2),2) -> 0.28 | E22: =AVERAGE(C8:L8) -> 2.35 | F22: =ROUND(_xlfn.STDEV.S(C8:L8),2) -> 0.49 | G22: =AVERAGE(C14:L14) -> 3.24 | H22: =ROUND(_xlfn.STDEV.S(C14:L14),2) -> 0.86
B23: 0.2 | C23: =AVERAGE(C3:L3) -> 1.5 | D23: =ROUND(_xlfn.STDEV.S(C3:L3),2) -> 0.36 | E23: =AVERAGE(C9:L9) -> 2.92 | F23: =ROUND(_xlfn.STDEV.S(C9:L9),2) -> 0.52 | G23: =AVERAGE(C15:L15) -> 3.79 | H23: =ROUND(_xlfn.STDEV.S(C15:L15),2) -> 0.62
B24: 0.3 | C24: =AVERAGE(C4:L4) -> 1.92 | D24: =ROUND(_xlfn.STDEV.S(C4:L4),2) -> 0.31 | E24: =AVERAGE(C10:L10) -> 3.77 | F24: =ROUND(_xlfn.STDEV.S(C10:L10),2) -> 0.47 | G24: =AVERAGE(C16:L16) -> 4.88 | H24: =ROUND(_xlfn.STDEV.S(C16:L16),2) -> 0.52
B25: 0.5 | C25: =AVERAGE(C5:L5) -> 2.77 | D25: =ROUND(_xlfn.STDEV.S(C5:L5),2) -> 0.19 | E25: =AVERAGE(C11:L11) -> 5.69 | F25: =ROUND(_xlfn.STDEV.S(C11:L11),2) -> 0.43 | G25: =AVERAGE(C17:L17) -> 7.16 | H25: =ROUND(_xlfn.STDEV.S(C17:L17),2) -> 1.03
B26: Control | C26: ='Control Onion'!E10 -> 2.13 | D26: ='Control Onion'!F10 -> 0.37 | E26: ='Control Onion'!G10 -> 4.13 | F26: ='Control Onion'!H10 -> 0.57 | G26: ='Control Onion'!I10 -> 5.61 | H26: ='Control Onion'!J10 -> 0.48

Sheet Ludwigia peruviana
A1: Day 3 | B1: Concentration | C1: R1 | D1: R2 | E1: R3 | F1: R4 | G1: R5 | H1: R6 | I1: R7 | J1: R8 | K1: R9 | L1: R10 | M1: Mean
B2: 0.1 | C2: 2.4 | D2: 2.9 | E2: 2.7 | F2: 2.4 | G2: 2.1 | H2: 2.2 | I2: 3.1 | J2: 2.2 | K2: 1.9 | L2: 1.5 | M2: =AVERAGE(C2:L2) -> 2.34
B3: 0.2 | C3: 1.9 | D3: 1.9 | E3: 2.2 | F3: 2 | G3: 2 | H3: 2.1 | I3: 1.5 | J3: 1.9 | K3: 1.8 | L3: 2 | M3: =AVERAGE(C3:L3) -> 1.93
B4: 0.3 | C4: 2.4 | D4: 1.9 | E4: 2.1 | F4: 2.3 | G4: 1.9 | H4: 2 | I4: 1.6 | J4: 1.7 | K4: 2.3 | L4: 2 | M4: =AVERAGE(C4:L4) -> 2.02
B5: 0.5 | C5: 3.5 | D5: 3.5 | E5: 2.3 | F5: 2.4 | G5: 2.5 | H5: 2.4 | I5: 2.2 | J5: 1.7 | K5: 1.5 | L5: 1.4 | M5: =AVERAGE(C5:L5) -> 2.34
A7: Day 5 | B7: Concentration | C7: R1 | D7: R2 | E7: R3 | F7: R4 | G7: R5 | H7: R6 | I7: R7 | J7: R8 | K7: R9 | L7: R10 | M7: Mean
B8: 0.1 | C8: 5.9 | D8: 6.1 | E8: 6 | F8: 5.4 | G8: 5.5 | H8: 5 | I8: 5.1 | J8: 4.2 | K8: 5.1 | L8: 4.4 | M8: =AVERAGE(C8:L8) -> 5.27
B9: 0.2 | C9: 4.2 | D9: 3.4 | E9: 3.1 | F9: 3 | G9: 4.3 | H9: 4.1 | I9: 3.7 | J9: 4.1 | K9: 4.1 | L9: 4.5 | M9: =AVERAGE(C9:L9) -> 3.85
B10: 0.3 | C10: 6.2 | D10: 5.6 | E10: 5.5 | F10: 6.3 | G10: 5.9 | H10: 6.3 | I10: 5.4 | J10: 5.7 | K10: 6.5 | L10: 6.5 | M10: =AVERAGE(C10:L10) -> 5.99
B11: 0.5 | C11: 7 | D11: 7.1 | E11: 7.6 | F11: 6.5 | G11: 6 | H11: 4.5 | I11: 6.8 | J11: 6.8 | K11: 4.6 | L11: 4.4 | M11: =AVERAGE(C11:L11) -> 6.13
A13: Day 7 | B13: Concentration | C13: R1 | D13: R2 | E13: R3 | F13: R4 | G13: R5 | H13: R6 | I13: R7 | J13: R8 | K13: R9 | L13: R10 | M13: Mean
B14: 0.1 | C14: 6.1 | D14: 5.6 | E14: 5.3 | F14: 5.1 | G14: 5.9 | H14: 5.4 | I14: 4.9 | J14: 7.2 | K14: 6.3 | L14: 6.4 | M14: =AVERAGE(C14:L14) -> 5.82
B15: 0.2 | C15: 5.2 | D15: 4.1 | E15: 4 | F15: 4 | G15: 3.6 | H15: 3.6 | I15: 4.8 | J15: 4.5 | K15: 4.2 | L15: 4.3 | M15: =AVERAGE(C15:L15) -> 4.23
B16: 0.3 | C16: 8.2 | D16: 8 | E16: 6.8 | F16: 7.3 | G16: 6.5 | H16: 6.1 | I16: 7.8 | J16: 7.6 | K16: 7.2 | L16: 7.4 | M16: =AVERAGE(C16:L16) -> 7.29
B17: 0.5 | C17: 8.3 | D17: 5.9 | E17: 6.7 | F17: 7.2 | G17: 5.7 | H17: 5.8 | I17: 5.1 | J17: 6.6 | K17: 6.8 | L17: 6.9 | M17: =AVERAGE(C17:L17) -> 6.5
B20: Biochar Concentration | C20: Day 3 | E20: Day 5 | G20: Day 7
C21: Mean | D21: SD | E21: Mean | F21: SD | G21: Mean | H21: SD
B22: 0.1 | C22: =AVERAGE(C2:L2) -> 2.34 | D22: =ROUND(_xlfn.STDEV.S(C2:L2),2) -> 0.47 | E22: =AVERAGE(C8:L8) -> 5.27 | F22: =ROUND(_xlfn.STDEV.S(C8:L8),2) -> 0.64 | G22: =AVERAGE(C14:L14) -> 5.82 | H22: =ROUND(_xlfn.STDEV.S(C14:L14),2) -> 0.7
B23: 0.2 | C23: =AVERAGE(C3:L3) -> 1.93 | D23: =ROUND(_xlfn.STDEV.S(C3:L3),2) -> 0.19 | E23: =AVERAGE(C9:L9) -> 3.85 | F23: =ROUND(_xlfn.STDEV.S(C9:L9),2) -> 0.52 | G23: =AVERAGE(C15:L15) -> 4.23 | H23: =ROUND(_xlfn.STDEV.S(C15:L15),2) -> 0.5
B24: 0.3 | C24: =AVERAGE(C4:L4) -> 2.02 | D24: =ROUND(_xlfn.STDEV.S(C4:L4),2) -> 0.26 | E24: =AVERAGE(C10:L10) -> 5.99 | F24: =ROUND(_xlfn.STDEV.S(C10:L10),2) -> 0.42 | G24: =AVERAGE(C16:L16) -> 7.29 | H24: =ROUND(_xlfn.STDEV.S(C16:L16),2) -> 0.67
B25: 0.5 | C25: =AVERAGE(C5:L5) -> 2.34 | D25: =ROUND(_xlfn.STDEV.S(C5:L5),2) -> 0.73 | E25: =AVERAGE(C11:L11) -> 6.13 | F25: =ROUND(_xlfn.STDEV.S(C11:L11),2) -> 1.2 | G25: =AVERAGE(C17:L17) -> 6.5 | H25: =ROUND(_xlfn.STDEV.S(C17:L17),2) -> 0.91
B26: Control | C26: ='Control Onion'!E10 -> 2.13 | D26: ='Control Onion'!F10 -> 0.37 | E26: ='Control Onion'!G10 -> 4.13 | F26: ='Control Onion'!H10 -> 0.57 | G26: ='Control Onion'!I10 -> 5.61 | H26: ='Control Onion'!J10 -> 0.48

Sheet Quisqualis indica
A1: Day 3 | B1: Concentration | C1: R1 | D1: R2 | E1: R3 | F1: R4 | G1: R5 | H1: R6 | I1: R7 | J1: R8 | K1: R9 | L1: R10 | M1: Mean
B2: 0.1 | C2: 1.8 | D2: 1.8 | E2: 1.8 | F2: 1.7 | G2: 2.4 | H2: 1.8 | I2: 1.6 | J2: 1.5 | K2: 1.2 | L2: 1.5 | M2: =AVERAGE(C2:L2) -> 1.71
B3: 0.2 | C3: 3.6 | D3: 2.8 | E3: 2.4 | F3: 1.8 | G3: 2.3 | H3: 1.6 | I3: 1.5 | J3: 1.4 | K3: 1.2 | L3: 1.3 | M3: =AVERAGE(C3:L3) -> 1.99
B4: 0.3 | C4: 2.4 | D4: 1.8 | E4: 2.2 | F4: 2 | G4: 2 | H4: 1.7 | I4: 1.8 | J4: 1.7 | K4: 1.7 | L4: 1.9 | M4: =AVERAGE(C4:L4) -> 1.92
B5: 0.5 | C5: 2 | D5: 2.1 | E5: 2.1 | F5: 2.5 | G5: 2.1 | H5: 1.9 | I5: 2.4 | J5: 1.7 | K5: 1.6 | L5: 1.7 | M5: =AVERAGE(C5:L5) -> 2.01
A7: Day 5 | B7: Concentration | C7: R1 | D7: R2 | E7: R3 | F7: R4 | G7: R5 | H7: R6 | I7: R7 | J7: R8 | K7: R9 | L7: R10 | M7: Mean
B8: 0.1 | C8: 5.9 | D8: 5.8 | E8: 4.3 | F8: 5 | G8: 4.4 | H8: 5.3 | I8: 3.3 | J8: 4.7 | K8: 5.7 | L8: 3.9 | M8: =AVERAGE(C8:L8) -> 4.83
B9: 0.2 | C9: 5.1 | D9: 4.5 | E9: 5.5 | F9: 4.5 | G9: 4.4 | H9: 4 | I9: 3.6 | J9: 4.1 | K9: 3.8 | L9: 4.6 | M9: =AVERAGE(C9:L9) -> 4.41
B10: 0.3 | C10: 5.6 | D10: 4.6 | E10: 5.1 | F10: 5.9 | G10: 5 | H10: 5 | I10: 4.9 | J10: 5 | K10: 5.9 | L10: 5 | M10: =AVERAGE(C10:L10) -> 5.2
B11: 0.5 | C11: 5 | D11: 4.9 | E11: 4.3 | F11: 4.2 | G11: 4.3 | H11: 4.4 | I11: 4.7 | J11: 5.2 | K11: 6.2 | L11: 4.6 | M11: =AVERAGE(C11:L11) -> 4.78
A13: Day 7 | B13: Concentration | C13: R1 | D13: R2 | E13: R3 | F13: R4 | G13: R5 | H13: R6 | I13: R7 | J13: R8 | K13: R9 | L13: R10 | M13: Mean
B14: 0.1 | C14: 8 | D14: 4.3 | E14: 4.3 | F14: 7.9 | G14: 7.6 | H14: 6.5 | I14: 7.5 | J14: 7 | K14: 5.4 | L14: 5.7 | M14: =AVERAGE(C14:L14) -> 6.42
B15: 0.2 | C15: 4 | D15: 3.5 | E15: 3.3 | F15: 4.5 | G15: 4 | H15: 3.4 | I15: 6.1 | J15: 5.1 | K15: 5.4 | L15: 4.9 | M15: =AVERAGE(C15:L15) -> 4.42
B16: 0.3 | C16: 6.8 | D16: 8 | E16: 7.2 | F16: 6.8 | G16: 7.7 | H16: 6.6 | I16: 6.6 | J16: 7.3 | K16: 7.8 | L16: 7.8 | M16: =AVERAGE(C16:L16) -> 7.26
B17: 0.5 | C17: 6.8 | D17: 6.1 | E17: 5.7 | F17: 6.5 | G17: 5.8 | H17: 8.3 | I17: 6.5 | J17: 8.8 | K17: 7.8 | L17: 7 | M17: =AVERAGE(C17:L17) -> 6.93
B20: Biochar Concentration | C20: Day 3 | E20: Day 5 | G20: Day 7
C21: Mean | D21: SD | E21: Mean | F21: SD | G21: Mean | H21: SD
B22: 0.1 | C22: =AVERAGE(C2:L2) -> 1.71 | D22: =ROUND(_xlfn.STDEV.S(C2:L2),2) -> 0.31 | E22: =AVERAGE(C8:L8) -> 4.83 | F22: =ROUND(_xlfn.STDEV.S(C8:L8),2) -> 0.87 | G22: =AVERAGE(C14:L14) -> 6.42 | H22: =ROUND(_xlfn.STDEV.S(C14:L14),2) -> 1.42
B23: 0.2 | C23: =AVERAGE(C3:L3) -> 1.99 | D23: =ROUND(_xlfn.STDEV.S(C3:L3),2) -> 0.77 | E23: =AVERAGE(C9:L9) -> 4.41 | F23: =ROUND(_xlfn.STDEV.S(C9:L9),2) -> 0.58 | G23: =AVERAGE(C15:L15) -> 4.42 | H23: =ROUND(_xlfn.STDEV.S(C15:L15),2) -> 0.94
B24: 0.3 | C24: =AVERAGE(C4:L4) -> 1.92 | D24: =ROUND(_xlfn.STDEV.S(C4:L4),2) -> 0.23 | E24: =AVERAGE(C10:L10) -> 5.2 | F24: =ROUND(_xlfn.STDEV.S(C10:L10),2) -> 0.44 | G24: =AVERAGE(C16:L16) -> 7.26 | H24: =ROUND(_xlfn.STDEV.S(C16:L16),2) -> 0.54
B25: 0.5 | C25: =AVERAGE(C5:L5) -> 2.01 | D25: =ROUND(_xlfn.STDEV.S(C5:L5),2) -> 0.3 | E25: =AVERAGE(C11:L11) -> 4.78 | F25: =ROUND(_xlfn.STDEV.S(C11:L11),2) -> 0.6 | G25: =AVERAGE(C17:L17) -> 6.93 | H25: =ROUND(_xlfn.STDEV.S(C17:L17),2) -> 1.05
B26: Control | C26: ='Control Onion'!E10 -> 2.13 | D26: ='Control Onion'!F10 -> 0.37 | E26: ='Control Onion'!G10 -> 4.13 | F26: ='Control Onion'!H10 -> 0.57 | G26: ='Control Onion'!I10 -> 5.61 | H26: ='Control Onion'!J10 -> 0.48

Sheet Control Pea Shoot
B1: Control | C1: S1 | D1: S2 | E1: S3 | F1: S4 | G1: S5 | H1: S6 | I1: S7 | J1: S8 | K1: S9 | L1: S10 | M1: Mean
A2: Day 3 | B2: 0.1,0.2,0.3, 0.5 | C2: 7.3 | D2: 6.7 | E2: 2 | F2: 9.4 | G2: 8.9 | H2: 8.3 | I2: 8.5 | J2: 9.8 | M2: =AVERAGE(C2:L2) -> 7.6125
A3: Day 5 | B3: 0.1,0.2,0.3, 0.5 | C3: 15.5 | D3: 16.4 | E3: 15 | F3: 15.4 | G3: 15.8 | H3: 10.8 | I3: 2.2 | J3: 5.5 | K3: 9.6 | M3: =AVERAGE(C3:L3) -> 11.8
A4: Day 7 | B4: 0.1,0.2,0.3, 0.5 | C4: 17.5 | D4: 19.5 | E4: 21 | F4: 18.7 | G4: 17.9 | H4: 12 | I4: 16.5 | J4: 12.2 | K4: 14 | L4: 9.4 | M4: =AVERAGE(C4:L4) -> 15.87
D8: Biochar Concentration | E8: Day 3 | G8: Day 5 | I8: Day 7
E9: Mean | F9: SD | G9: Mean | H9: SD | I9: Mean | J9: SD
D10: Control | E10: =AVERAGE(C2:L2) -> 7.6125 | F10: =ROUND(_xlfn.STDEV.S(C2:L2),2) -> 2.49 | G10: =AVERAGE(C3:L3) -> 11.8 | H10: =ROUND(_xlfn.STDEV.S(C3:L3),2) -> 5.14 | I10: =AVERAGE(C4:L4) -> 15.87 | J10: =ROUND(_xlfn.STDEV.S(C4:L4),2) -> 3.78

Sheet Acrostichum shoot 
A1: Day 3 | B1: Concentration | C1: Shoot1 | D1: Shoot2 | E1: Shoot3 | F1: Shoot4 | G1: Shoot5 | H1: Mean
B2: 0.1 | C2: 10.2 | D2: 10.5 | E2: 11.3 | F2: 10.1 | G2: 10.1 | H2: =AVERAGE(C2:G2) -> 10.44
B3: 0.2 | C3: 11.5 | D3: 10.4 | E3: 9.5 | F3: 9.8 | G3: 9.4 | H3: =AVERAGE(C3:G3) -> 10.12
B4: 0.3 | C4: 7.8 | D4: 7.7 | E4: 7.4 | F4: 10.6 | G4: 7.8 | H4: =AVERAGE(C4:G4) -> 8.26
B5: 0.5 | C5: 2.7 | D5: 3.4 | E5: 8.8 | H5: =ROUND(AVERAGE(C5:G5),2) -> 4.97
A7: Day 5 | B7: Concentration | C7: Shoot1 | D7: Shoot2 | E7: Shoot3 | F7: Shoot4 | G7: Shoot5 | H7: Mean
B8: 0.1 | C8: 20 | D8: 17 | E8: 17 | F8: 16.8 | G8: 16.7 | H8: =AVERAGE(C8:G8) -> 17.5
B9: 0.2 | C9: 16 | D9: 17 | E9: 17.5 | F9: 15.5 | G9: 15.5 | H9: =AVERAGE(C9:G9) -> 16.3
B10: 0.3 | C10: 12.2 | D10: 10 | E10: 9.5 | F10: 10.1 | G10: 9.2 | H10: =AVERAGE(C10:G10) -> 10.2
B11: 0.5 | C11: 5 | D11: 6.8 | E11: 11.3 | F11: 5.3 | H11: =AVERAGE(C11:G11) -> 7.1
A13: Day 7 | B13: Concentration | C13: Shoot1 | D13: Shoot2 | E13: Shoot3 | F13: Shoot4 | G13: Shoot5 | H13: Mean
B14: 0.1 | C14: 18.5 | D14: 21.5 | E14: 19.5 | F14: 18.5 | G14: 23.5 | H14: =AVERAGE(C14:G14) -> 20.3
B15: 0.2 | C15: 19.5 | D15: 22 | E15: 23.3 | F15: 16.9 | G15: 17.5 | H15: =AVERAGE(C15:G15) -> 19.84
B16: 0.3 | C16: 13 | D16: 14.5 | E16: 15 | F16: 17.5 | G16: 14.5 | H16: =AVERAGE(C16:G16) -> 14.9
B17: 0.5 | C17: 12.3 | D17: 10.5 | E17: 11.7 | F17: 15.5 | G17: 12 | H17: =AVERAGE(C17:G17) -> 12.4
B21: Biochar Concentration | C21: Day 3 | E21: Day 5 | G21: Day 7
C22: Mean | D22: SD | E22: Mean | F22: SD | G22: Mean | H22: SD
B23: 0.1 | C23: =ROUND(AVERAGE(C2:H2),2) -> 10.44 | D23: =ROUND(_xlfn.STDEV.S(C2:G2),2) -> 0.51 | E23: =AVERAGE(C8:G8) -> 17.5 | F23: =ROUND(_xlfn.STDEV.S(C8:G8),2) -> 1.4 | G23: =AVERAGE(C14:G14) -> 20.3 | H23: =ROUND(_xlfn.STDEV.S(C14:G14),2) -> 2.17
B24: 0.2 | C24: =ROUND(AVERAGE(C3:H3),2) -> 10.12 | D24: =ROUND(_xlfn.STDEV.S(C3:G3),2) -> 0.86 | E24: =AVERAGE(C9:G9) -> 16.3 | F24: =ROUND(_xlfn.STDEV.S(C9:G9),2) -> 0.91 | G24: =AVERAGE(C15:G15) -> 19.84 | H24: =ROUND(_xlfn.STDEV.S(C15:G15),2) -> 2.78
B25: 0.3 | C25: =ROUND(AVERAGE(C4:H4),2) -> 8.26 | D25: =ROUND(_xlfn.STDEV.S(C4:G4),2) -> 1.32 | E25: =AVERAGE(C10:G10) -> 10.2 | F25: =ROUND(_xlfn.STDEV.S(C10:G10),2) -> 1.18 | G25: =AVERAGE(C16:G16) -> 14.9 | H25: =ROUND(_xlfn.STDEV.S(C16:G16),2) -> 1.64
B26: 0.5 | C26: =ROUND(AVERAGE(C5:H5),2) -> 4.97 | D26: =ROUND(_xlfn.STDEV.S(C5:G5),2) -> 3.34 | E26: =AVERAGE(C11:G11) -> 7.1 | F26: =ROUND(_xlfn.STDEV.S(C11:G11),2) -> 2.91 | G26: =AVERAGE(C17:G17) -> 12.4 | H26: =ROUND(_xlfn.STDEV.S(C17:G17),2) -> 1.86
B27: Control | C27: ='Control Pea Shoot'!E10 -> 7.6125 | D27: ='Control Pea Shoot'!F10 -> 2.49 | E27: ='Control Pea Shoot'!G10 -> 11.8 | F27: ='Control Pea Shoot'!H10 -> 5.14 | G27: ='Control Pea Shoot'!I10 -> 15.87 | H27: ='Control Pea Shoot'!J10 -> 3.78

Sheet Quisqualis indica Shoot
A1: Day 3 | B1: Concentration | C1: Shoot1 | D1: Shoot2 | E1: Shoot3 | F1: Shoot4 | G1: Shoot5 | H1: Mean
B2: 0.1 | C2: 11.8 | D2: 10.5 | E2: 9.8 | F2: 9.2 | G2: 11.2 | H2: =AVERAGE(C2:G2) -> 10.5
B3: 0.2 | C3: 11.2 | D3: 11.7 | E3: 10.9 | F3: 9.4 | G3: 9.9 | H3: =AVERAGE(C3:G3) -> 10.62
B4: 0.3 | C4: 5.5 | D4: 5.8 | E4: 5.7 | F4: 8.4 | G4: 7 | H4: =AVERAGE(C4:G4) -> 6.48
B5: 0.5 | C5: 4 | D5: 2.6 | E5: 2.8 | F5: 2.6 | H5: =ROUND(AVERAGE(C5:G5),2) -> 3
A7: Day 5 | B7: Concentration | C7: Shoot1 | D7: Shoot2 | E7: Shoot3 | F7: Shoot4 | G7: Shoot5 | H7: Mean
B8: 0.1 | C8: 16.5 | D8: 15.8 | E8: 18 | F8: 16.5 | G8: 17 | H8: =AVERAGE(C8:G8) -> 16.76
B9: 0.2 | C9: 16 | D9: 17.3 | E9: 17 | F9: 18.3 | G9: 16.5 | H9: =AVERAGE(C9:G9) -> 17.02
B10: 0.3 | C10: 7.1 | D10: 8.5 | E10: 8.8 | F10: 11.8 | G10: 9.5 | H10: =AVERAGE(C10:G10) -> 9.14
B11: 0.5 | C11: 7.1 | D11: 5.3 | E11: 5.3 | F11: 6.2 | G11: 6.8 | H11: =AVERAGE(C11:G11) -> 6.14
A13: Day 7 | B13: Concentration | C13: Shoot1 | D13: Shoot2 | E13: Shoot3 | F13: Shoot4 | G13: Shoot5 | H13: Mean
B14: 0.1 | C14: 20.5 | D14: 19 | E14: 19.5 | F14: 21 | G14: 19.5 | H14: =AVERAGE(C14:G14) -> 19.9
B15: 0.2 | C15: 20 | D15: 21 | E15: 21 | F15: 21.5 | G15: 20.5 | H15: =AVERAGE(C15:G15) -> 20.8
B16: 0.3 | C16: 14.5 | D16: 13.4 | E16: 17 | F16: 14 | G16: 12.5 | H16: =AVERAGE(C16:G16) -> 14.28
B17: 0.5 | C17: 17.1 | D17: 9 | E17: 11.8 | F17: 11.8 | G17: 7.5 | H17: =AVERAGE(C17:G17) -> 11.44
B21: Biochar Concentration | C21: Day 3 | E21: Day 5 | G21: Day 7
C22: Mean | D22: SD | E22: Mean | F22: SD | G22: Mean | H22: SD
B23: 0.1 | C23: =ROUND(AVERAGE(C2:H2),2) -> 10.5 | D23: =ROUND(_xlfn.STDEV.S(C2:G2),2) -> 1.04 | E23: =AVERAGE(C8:G8) -> 16.76 | F23: =ROUND(_xlfn.STDEV.S(C8:G8),2) -> 0.81 | G23: =AVERAGE(C14:G14) -> 19.9 | H23: =ROUND(_xlfn.STDEV.S(C14:G14),2) -> 0.82
B24: 0.2 | C24: =ROUND(AVERAGE(C3:H3),2) -> 10.62 | D24: =ROUND(_xlfn.STDEV.S(C3:G3),2) -> 0.95 | E24: =AVERAGE(C9:G9) -> 17.02 | F24: =ROUND(_xlfn.STDEV.S(C9:G9),2) -> 0.87 | G24: =AVERAGE(C15:G15) -> 20.8 | H24: =ROUND(_xlfn.STDEV.S(C15:G15),2) -> 0.57
B25: 0.3 | C25: =ROUND(AVERAGE(C4:H4),2) -> 6.48 | D25: =ROUND(_xlfn.STDEV.S(C4:G4),2) -> 1.22 | E25: =AVERAGE(C10:G10) -> 9.14 | F25: =ROUND(_xlfn.STDEV.S(C10:G10),2) -> 1.72 | G25: =AVERAGE(C16:G16) -> 14.28 | H25: =ROUND(_xlfn.STDEV.S(C16:G16),2) -> 1.69
B26: 0.5 | C26: =ROUND(AVERAGE(C5:H5),2) -> 3 | D26: =ROUND(_xlfn.STDEV.S(C5:G5),2) -> 0.67 | E26: =AVERAGE(C11:G11) -> 6.14 | F26: =ROUND(_xlfn.STDEV.S(C11:G11),2) -> 0.83 | G26: =AVERAGE(C17:G17) -> 11.44 | H26: =ROUND(_xlfn.STDEV.S(C17:G17),2) -> 3.67
B27: Control | C27: ='Control Pea Shoot'!E10 -> 7.6125 | D27: ='Control Pea Shoot'!F10 -> 2.49 | E27: ='Control Pea Shoot'!G10 -> 11.8 | F27: ='Control Pea Shoot'!H10 -> 5.14 | G27: ='Control Pea Shoot'!I10 -> 15.87 | H27: ='Control Pea Shoot'!J10 -> 3.78

Sheet Ludwigia peruviana Shoot
A1: Day 3 | B1: Concentration | C1: Shoot1 | D1: Shoot2 | E1: Shoot3 | F1: Shoot4 | G1: Shoot5 | H1: Mean
B2: 0.1 | C2: 11.8 | D2: 11 | E2: 10.2 | F2: 8.4 | G2: 10.2 | H2: =AVERAGE(C2:G2) -> 10.32
B3: 0.2 | C3: 9.2 | D3: 11.2 | E3: 9 | F3: 10.3 | G3: 8.5 | H3: =AVERAGE(C3:G3) -> 9.64
B4: 0.3 | C4: 8 | D4: 5.3 | E4: 7.5 | F4: 7.8 | G4: 4.3 | H4: =AVERAGE(C4:G4) -> 6.58
B5: 0.5 | C5: 2.5 | D5: 1.4 | E5: 1.8 | H5: =ROUND(AVERAGE(C5:G5),2) -> 1.9
A7: Day 5 | B7: Concentration | C7: Shoot1 | D7: Shoot2 | E7: Shoot3 | F7: Shoot4 | G7: Shoot5 | H7: Mean
B8: 0.1 | C8: 17 | D8: 19 | E8: 18 | F8: 17.5 | G8: 16.5 | H8: =AVERAGE(C8:G8) -> 17.6
B9: 0.2 | C9: 18 | D9: 16.7 | E9: 17 | F9: 17.3 | G9: 17.2 | H9: =AVERAGE(C9:G9) -> 17.24
B10: 0.3 | C10: 9.9 | D10: 8 | E10: 10.1 | F10: 9.4 | G10: 6.5 | H10: =AVERAGE(C10:G10) -> 8.78
B11: 0.5 | C11: 5.8 | D11: 3.8 | E11: 1.4 | F11: 1.4 | H11: =AVERAGE(C11:G11) -> 3.1
A13: Day 7 | B13: Concentration | C13: Shoot1 | D13: Shoot2 | E13: Shoot3 | F13: Shoot4 | G13: Shoot5 | H13: Mean
B14: 0.1 | C14: 20.5 | D14: 21.5 | E14: 21.8 | F14: 21.6 | G14: 21.2 | H14: =AVERAGE(C14:G14) -> 21.32
B15: 0.2 | C15: 20.5 | D15: 18.4 | E15: 21 | F15: 16.5 | G15: 17.7 | H15: =AVERAGE(C15:G15) -> 18.82
B16: 0.3 | C16: 15.2 | D16: 14.5 | E16: 11.1 | F16: 13 | G16: 11 | H16: =AVERAGE(C16:G16) -> 12.96
B17: 0.5 | C17: 11.5 | D17: 4 | E17: 7.5 | F17: 8.7 | G17: 6 | H17: =AVERAGE(C17:G17) -> 7.54
B21: Biochar Concentration | C21: Day 3 | E21: Day 5 | G21: Day 7
C22: Mean | D22: SD | E22: Mean | F22: SD | G22: Mean | H22: SD
B23: 0.1 | C23: =ROUND(AVERAGE(C2:H2),2) -> 10.32 | D23: =ROUND(_xlfn.STDEV.S(C2:G2),2) -> 1.26 | E23: =AVERAGE(C8:G8) -> 17.6 | F23: =ROUND(_xlfn.STDEV.S(C8:G8),2) -> 0.96 | G23: =AVERAGE(C14:G14) -> 21.32 | H23: =ROUND(_xlfn.STDEV.S(C14:G14),2) -> 0.51
B24: 0.2 | C24: =ROUND(AVERAGE(C3:H3),2) -> 9.64 | D24: =ROUND(_xlfn.STDEV.S(C3:G3),2) -> 1.09 | E24: =AVERAGE(C9:G9) -> 17.24 | F24: =ROUND(_xlfn.STDEV.S(C9:G9),2) -> 0.48 | G24: =AVERAGE(C15:G15) -> 18.82 | H24: =ROUND(_xlfn.STDEV.S(C15:G15),2) -> 1.9
B25: 0.3 | C25: =ROUND(AVERAGE(C4:H4),2) -> 6.58 | D25: =ROUND(_xlfn.STDEV.S(C4:G4),2) -> 1.67 | E25: =AVERAGE(C10:G10) -> 8.78 | F25: =ROUND(_xlfn.STDEV.S(C10:G10),2) -> 1.52 | G25: =AVERAGE(C16:G16) -> 12.96 | H25: =ROUND(_xlfn.STDEV.S(C16:G16),2) -> 1.92
B26: 0.5 | C26: =ROUND(AVERAGE(C5:H5),2) -> 1.9 | D26: =ROUND(_xlfn.STDEV.S(C5:G5),2) -> 0.56 | E26: =AVERAGE(C11:G11) -> 3.1 | F26: =ROUND(_xlfn.STDEV.S(C11:G11),2) -> 2.13 | G26: =AVERAGE(C17:G17) -> 7.54 | H26: =ROUND(_xlfn.STDEV.S(C17:G17),2) -> 2.83
B27: Control | C27: ='Control Pea Shoot'!E10 -> 7.6125 | D27: ='Control Pea Shoot'!F10 -> 2.49 | E27: ='Control Pea Shoot'!G10 -> 11.8 | F27: ='Control Pea Shoot'!H10 -> 5.14 | G27: ='Control Pea Shoot'!I10 -> 15.87 | H27: ='Control Pea Shoot'!J10 -> 3.78

Sheet Cyclosorus interruptus Shoot
A1: Day 3 | B1: Concentration | C1: Shoot1 | D1: Shoot2 | E1: Shoot3 | F1: Shoot4 | G1: Shoot5 | H1: Mean
B2: 0.1 | C2: 10.2 | D2: 11.4 | E2: 9.3 | F2: 9.4 | G2: 9.1 | H2: =AVERAGE(C2:G2) -> 9.88
B3: 0.2 | C3: 9.4 | D3: 9.2 | E3: 8.3 | F3: 10.1 | G3: 10.1 | H3: =AVERAGE(C3:G3) -> 9.42
B4: 0.3 | C4: 1.3 | D4: 9.2 | E4: 1.3 | H4: =AVERAGE(C4:G4) -> 3.9333333
B5: 0.5 | C5: 6.8 | D5: 2.3 | E5: 1.7 | H5: =ROUND(AVERAGE(C5:G5),2) -> 3.6
A7: Day 5 | B7: Concentration | C7: Shoot1 | D7: Shoot2 | E7: Shoot3 | F7: Shoot4 | G7: Shoot5 | H7: Mean
B8: 0.1 | C8: 18.5 | D8: 18 | E8: 18 | F8: 16 | G8: 15 | H8: =AVERAGE(C8:G8) -> 17.1
B9: 0.2 | C9: 14.5 | D9: 17 | E9: 16.5 | F9: 15 | G9: 15 | H9: =AVERAGE(C9:G9) -> 15.6
B10: 0.3 | C10: 4.2 | D10: 2.3 | E10: 10.4 | F10: 1.4 | G10: 2.5 | H10: =AVERAGE(C10:G10) -> 4.16
B11: 0.5 | C11: 3.9 | D11: 4.6 | E11: 8.7 | F11: 1.4 | H11: =AVERAGE(C11:G11) -> 4.65
A13: Day 7 | B13: Concentration | C13: Shoot1 | D13: Shoot2 | E13: Shoot3 | F13: Shoot4 | G13: Shoot5 | H13: Mean
B14: 0.1 | C14: 18.5 | D14: 19 | E14: 20 | F14: 19.5 | G14: 17 | H14: =AVERAGE(C14:G14) -> 18.8
B15: 0.2 | C15: 18.5 | D15: 19.5 | E15: 19.5 | F15: 19 | G15: 19.5 | H15: =AVERAGE(C15:G15) -> 19.2
B16: 0.3 | C16: 13 | D16: 8.3 | E16: 7.2 | F16: 10.1 | G16: 7.7 | H16: =AVERAGE(C16:G16) -> 9.26
B17: 0.5 | C17: 13 | D17: 11.1 | E17: 5 | F17: 6.5 | G17: 3.2 | H17: =AVERAGE(C17:G17) -> 7.76
B21: Biochar Concentration | C21: Day 3 | E21: Day 5 | G21: Day 7
C22: Mean | D22: SD | E22: Mean | F22: SD | G22: Mean | H22: SD
B23: 0.1 | C23: =ROUND(AVERAGE(C2:H2),2) -> 9.88 | D23: =ROUND(_xlfn.STDEV.S(C2:G2),2) -> 0.95 | E23: =AVERAGE(C8:G8) -> 17.1 | F23: =ROUND(_xlfn.STDEV.S(C8:G8),2) -> 1.52 | G23: =AVERAGE(C14:G14) -> 18.8 | H23: =ROUND(_xlfn.STDEV.S(C14:G14),2) -> 1.15
B24: 0.2 | C24: =ROUND(AVERAGE(C3:H3),2) -> 9.42 | D24: =ROUND(_xlfn.STDEV.S(C3:G3),2) -> 0.75 | E24: =AVERAGE(C9:G9) -> 15.6 | F24: =ROUND(_xlfn.STDEV.S(C9:G9),2) -> 1.08 | G24: =AVERAGE(C15:G15) -> 19.2 | H24: =ROUND(_xlfn.STDEV.S(C15:G15),2) -> 0.45
B25: 0.3 | C25: =ROUND(AVERAGE(C4:H4),2) -> 3.93 | D25: =ROUND(_xlfn.STDEV.S(C4:G4),2) -> 4.56 | E25: =AVERAGE(C10:G10) -> 4.16 | F25: =ROUND(_xlfn.STDEV.S(C10:G10),2) -> 3.63 | G25: =AVERAGE(C16:G16) -> 9.26 | H25: =ROUND(_xlfn.STDEV.S(C16:G16),2) -> 2.36
B26: 0.5 | C26: =ROUND(AVERAGE(C5:H5),2) -> 3.6 | D26: =ROUND(_xlfn.STDEV.S(C5:G5),2) -> 2.79 | E26: =AVERAGE(C11:G11) -> 4.65 | F26: =ROUND(_xlfn.STDEV.S(C11:G11),2) -> 3.03 | G26: =AVERAGE(C17:G17) -> 7.76 | H26: =ROUND(_xlfn.STDEV.S(C17:G17),2) -> 4.14
B27: Control | C27: ='Control Pea Shoot'!E10 -> 7.6125 | D27: ='Control Pea Shoot'!F10 -> 2.49 | E27: ='Control Pea Shoot'!G10 -> 11.8 | F27: ='Control Pea Shoot'!H10 -> 5.14 | G27: ='Control Pea Shoot'!I10 -> 15.87 | H27: ='Control Pea Shoot'!J10 -> 3.78

Sheet Control Pea Root
B1: Control | C1: R1 | D1: R2 | E1: R3 | F1: R4 | G1: R5 | H1: R6 | I1: R7 | J1: R8 | K1: R9 | L1: R10 | M1: Mean
A2: Day 7 | B2: 0.1,0.2,0.3, 0.5 | C2: 11 | D2: 12 | E2: 10.5 | F2: 11.6 | G2: 11.6 | H2: 16.6 | I2: 10.4 | J2: 18.4 | K2: 12.1 | L2: 10.6 | M2: =AVERAGE(C2:L2) -> 12.48
D6: Biochar Concentration | E6: Day 7
E7: Mean | F7: SD
D8: Control | E8: =AVERAGE(C2:L2) -> 12.48 | F8: =ROUND(_xlfn.STDEV.S(C2:L2),2) -> 2.75

Sheet Acrostichum root (Pea)
A1: Day 7 | B1: Concentration | C1: R1 | D1: R2 | E1: R3 | F1: R4 | G1: R5 | H1: Mean
B2: 0.1 | C2: 14.8 | D2: 14 | E2: 15.7 | F2: 12.6 | G2: 12.9 | H2: =AVERAGE(C2:G2) -> 14
B3: 0.2 | C3: 17.4 | D3: 17 | E3: 15.7 | F3: 12.6 | G3: 15.5 | H3: =AVERAGE(C3:G3) -> 15.64
B4: 0.3 | C4: 20.5 | D4: 17.8 | E4: 18.6 | F4: 20.5 | G4: 18 | H4: =AVERAGE(C4:G4) -> 19.08
B5: 0.5 | C5: 14.5 | D5: 18.5 | E5: 11 | F5: 10.5 | G5: 14.3 | H5: =AVERAGE(C5:G5) -> 13.76
B9: Biochar Concentration | C9: Day 7
C10: Mean | D10: SD
B11: 0.1 | C11: =AVERAGE(C2:G2) -> 14 | D11: =ROUND(_xlfn.STDEV.S(C2:G2),2) -> 1.29
B12: 0.2 | C12: =AVERAGE(C3:G3) -> 15.64 | D12: =ROUND(_xlfn.STDEV.S(C3:G3),2) -> 1.88
B13: 0.3 | C13: =AVERAGE(C4:G4) -> 19.08 | D13: =ROUND(_xlfn.STDEV.S(C4:G4),2) -> 1.33
B14: 0.5 | C14: =AVERAGE(C5:G5) -> 13.76 | D14: =ROUND(_xlfn.STDEV.S(C5:G5),2) -> 3.22
B15: Control | C15: ='Control Pea Root'!E8 -> 12.48 | D15: ='Control Pea Root'!F8 -> 2.75
O21: =19.08/14.9 -> 1.2805369

Sheet Quisqualis root (Pea)
A1: Day 7 | B1: Concentration | C1: R1 | D1: R2 | E1: R3 | F1: R4 | G1: R5 | H1: Mean
B2: 0.1 | C2: 16.5 | D2: 14.5 | E2: 14 | F2: 11.5 | G2: 14 | H2: =AVERAGE(C2:G2) -> 14.1
B3: 0.2 | C3: 15 | D3: 15.5 | E3: 15.5 | F3: 13 | G3: 11 | H3: =AVERAGE(C3:G3) -> 14
B4: 0.3 | C4: 19 | D4: 12.7 | E4: 17 | F4: 10.7 | G4: 14 | H4: =AVERAGE(C4:G4) -> 14.68
B5: 0.5 | C5: 7.6 | D5: 9 | E5: 8.8 | F5: 7.1 | G5: 6.3 | H5: =AVERAGE(C5:G5) -> 7.76
B9: Biochar Concentration | C9: Day 7
C10: Mean | D10: SD
B11: 0.1 | C11: =AVERAGE(C2:G2) -> 14.1 | D11: =ROUND(_xlfn.STDEV.S(C2:G2),2) -> 1.78
B12: 0.2 | C12: =AVERAGE(C3:G3) -> 14 | D12: =ROUND(_xlfn.STDEV.S(C3:G3),2) -> 1.97
B13: 0.3 | C13: =AVERAGE(C4:G4) -> 14.68 | D13: =ROUND(_xlfn.STDEV.S(C4:G4),2) -> 3.33
B14: 0.5 | C14: =AVERAGE(C5:G5) -> 7.76 | D14: =ROUND(_xlfn.STDEV.S(C5:G5),2) -> 1.14
B15: Control | C15: ='Control Pea Root'!E8 -> 12.48 | D15: ='Control Pea Root'!F8 -> 2.75

Sheet Ludwegia root (Pea) 
A1: Day 7 | B1: Concentration | C1: R1 | D1: R2 | E1: R3 | F1: R4 | G1: R5 | H1: Mean
B2: 0.1 | C2: 17.5 | D2: 15.5 | E2: 14.5 | F2: 13.9 | G2: 14.8 | H2: =AVERAGE(C2:G2) -> 15.24
B3: 0.2 | C3: 16.5 | D3: 13.6 | E3: 17 | F3: 13 | G3: 15.3 | H3: =AVERAGE(C3:G3) -> 15.08
B4: 0.3 | C4: 13 | D4: 25 | E4: 11.2 | F4: 14.8 | G4: 12.5 | H4: =AVERAGE(C4:G4) -> 15.3
B5: 0.5 | C5: 12.9 | D5: 12.5 | E5: 9.5 | F5: 13.6 | G5: 12 | H5: =AVERAGE(C5:G5) -> 12.1
B9: Biochar Concentration | C9: Day 7
C10: Mean | D10: SD
B11: 0.1 | C11: =AVERAGE(C2:G2) -> 15.24 | D11: =ROUND(_xlfn.STDEV.S(C2:G2),2) -> 1.39
B12: 0.2 | C12: =AVERAGE(C3:G3) -> 15.08 | D12: =ROUND(_xlfn.STDEV.S(C3:G3),2) -> 1.75
B13: 0.3 | C13: =AVERAGE(C4:G4) -> 15.3 | D13: =ROUND(_xlfn.STDEV.S(C4:G4),2) -> 5.57
B14: 0.5 | C14: =AVERAGE(C5:G5) -> 12.1 | D14: =ROUND(_xlfn.STDEV.S(C5:G5),2) -> 1.57
B15: Control | C15: ='Control Pea Root'!E8 -> 12.48 | D15: ='Control Pea Root'!F8 -> 2.75

Sheet Cyclosorus root (Pea) 
A1: Day 7 | B1: Concentration | C1: R1 | D1: R2 | E1: R3 | F1: R4 | G1: R5 | H1: Mean
B2: 0.1 | C2: 13 | D2: 15 | E2: 13.5 | F2: 13.5 | G2: 14.5 | H2: =AVERAGE(C2:G2) -> 13.9
B3: 0.2 | C3: 13.5 | D3: 12 | E3: 12.5 | F3: 14 | G3: 14 | H3: =AVERAGE(C3:G3) -> 13.2
B4: 0.3 | C4: 20.6 | D4: 12 | E4: 16.6 | F4: 11.1 | G4: 13.3 | H4: =AVERAGE(C4:G4) -> 14.72
B5: 0.5 | C5: 17 | D5: 14.3 | E5: 7.5 | F5: 13.3 | G5: 6.3 | H5: =AVERAGE(C5:G5) -> 11.68
B9: Biochar Concentration | C9: Day 7
C10: Mean | D10: SD
B11: 0.1 | C11: =AVERAGE(C2:G2) -> 13.9 | D11: =ROUND(_xlfn.STDEV.S(C2:G2),2) -> 0.82
B12: 0.2 | C12: =AVERAGE(C3:G3) -> 13.2 | D12: =ROUND(_xlfn.STDEV.S(C3:G3),2) -> 0.91
B13: 0.3 | C13: =AVERAGE(C4:G4) -> 14.72 | D13: =ROUND(_xlfn.STDEV.S(C4:G4),2) -> 3.89
B14: 0.5 | C14: =AVERAGE(C5:G5) -> 11.68 | D14: =ROUND(_xlfn.STDEV.S(C5:G5),2) -> 4.59
B15: Control | C15: ='Control Pea Root'!E8 -> 12.48 | D15: ='Control Pea Root'!F8 -> 2.75

Sheet Control Pea Total Length
B1: Control | C1: R1 | D1: R2 | E1: R3 | F1: R4 | G1: R5 | H1: R6 | I1: R7 | J1: R8 | K1: R9 | L1: R10 | M1: Mean
A2: Day 7 | B2: 0.1,0.2,0.3, 0.5 | C2: 30 | D2: 32 | E2: 32 | F2: 31.8 | G2: 31 | H2: 26 | I2: 34.5 | J2: 24.5 | K2: 35 | L2: 15 | M2: =AVERAGE(C2:L2) -> 29.18
D6: Biochar Concentration | E6: Day 7
E7: Mean | F7: SD
D8: Control | E8: =AVERAGE(C2:L2) -> 29.18 | F8: =ROUND(_xlfn.STDEV.S(C2:L2),2) -> 5.98

Sheet Cyclosorus TL (Pea)  
A1: Day 7 | B1: Concentration | C1: R1 | D1: R2 | E1: R3 | F1: R4 | G1: R5 | H1: Mean
B2: 0.1 | C2: 33 | D2: 35.5 | E2: 35 | F2: 34.5 | G2: 33 | H2: =AVERAGE(C2:G2) -> 34.2
B3: 0.2 | C3: 33.5 | D3: 33 | E3: 33.5 | F3: 34.5 | G3: 35 | H3: =AVERAGE(C3:G3) -> 33.9
B4: 0.3 | C4: 34 | D4: 21 | E4: 27.5 | F4: 18 | G4: 22 | H4: =AVERAGE(C4:G4) -> 24.5
B5: 0.5 | C5: 31 | D5: 26.5 | E5: 13.5 | F5: 20 | G5: 20 | H5: 22.2
B9: Biochar Concentration | C9: Day 7
C10: Mean | D10: SD
B11: 0.1 | C11: =AVERAGE(C2:G2) -> 34.2 | D11: =ROUND(_xlfn.STDEV.S(C2:G2),2) -> 1.15
B12: 0.2 | C12: =AVERAGE(C3:G3) -> 33.9 | D12: =ROUND(_xlfn.STDEV.S(C3:G3),2) -> 0.82
B13: 0.3 | C13: =AVERAGE(C4:G4) -> 24.5 | D13: =ROUND(_xlfn.STDEV.S(C4:G4),2) -> 6.32
B14: 0.5 | C14: =AVERAGE(C5:G5) -> 22.2 | D14: =ROUND(_xlfn.STDEV.S(C5:G5),2) -> 6.73
B15: Control | C15: ='Control Pea Total Length'!E8 -> 29.18 | D15: ='Control Pea Total Length'!F8 -> 5.98

Sheet Ludwegia TL(Pea) 
A1: Day 7 | B1: Concentration | C1: R1 | D1: R2 | E1: R3 | F1: R4 | G1: R5 | H1: Mean
B2: 0.1 | C2: 39.5 | D2: 38.5 | E2: 37.5 | F2: 37 | G2: 37.5 | H2: =AVERAGE(C2:G2) -> 38
B3: 0.2 | C3: 38.5 | D3: 33.5 | E3: 39.5 | F3: 30 | G3: 34.5 | H3: =AVERAGE(C3:G3) -> 35.2
B4: 0.3 | C4: 29 | D4: 40.1 | E4: 22.5 | F4: 28.5 | G4: 30 | H4: =AVERAGE(C4:G4) -> 30.02
B5: 0.5 | C5: 24.5 | D5: 16.5 | E5: 18.2 | F5: 21.3 | G5: 17 | H5: =AVERAGE(C5:G5) -> 19.5
B9: Biochar Concentration | C9: Day 7
C10: Mean | D10: SD
B11: 0.1 | C11: =AVERAGE(C2:G2) -> 38 | D11: =ROUND(_xlfn.STDEV.S(C2:G2),2) -> 1
B12: 0.2 | C12: =AVERAGE(C3:G3) -> 35.2 | D12: =ROUND(_xlfn.STDEV.S(C3:G3),2) -> 3.87
B13: 0.3 | C13: =AVERAGE(C4:G4) -> 30.02 | D13: =ROUND(_xlfn.STDEV.S(C4:G4),2) -> 6.35
B14: 0.5 | C14: =AVERAGE(C5:G5) -> 19.5 | D14: =ROUND(_xlfn.STDEV.S(C5:G5),2) -> 3.36
B15: Control | C15: ='Control Pea Total Length'!E8 -> 29.18 | D15: ='Control Pea Total Length'!F8 -> 5.98

Sheet Acrostichum TL (Pea) 
A1: Day 7 | B1: Concentration | C1: R1 | D1: R2 | E1: R3 | F1: R4 | G1: R5 | H1: Mean
B2: 0.1 | C2: 34.8 | D2: 37 | E2: 36.7 | F2: 32.6 | G2: 37.9 | H2: =AVERAGE(C2:G2) -> 35.8
B3: 0.2 | C3: 38.4 | D3: 40.5 | E3: 39.5 | F3: 31 | G3: 33.5 | H3: =AVERAGE(C3:G3) -> 36.58
B4: 0.3 | C4: 36 | D4: 35 | E4: 33 | F4: 37.5 | G4: 30.5 | H4: =AVERAGE(C4:G4) -> 34.4
B5: 0.5 | C5: 27 | D5: 29 | E5: 22.4 | F5: 32 | G5: 24 | H5: =AVERAGE(C5:G5) -> 26.88
B9: Biochar Concentration | C9: Day 7
C10: Mean | D10: SD
B11: 0.1 | C11: =AVERAGE(C2:G2) -> 35.8 | D11: =ROUND(_xlfn.STDEV.S(C2:G2),2) -> 2.12
B12: 0.2 | C12: =AVERAGE(C3:G3) -> 36.58 | D12: =ROUND(_xlfn.STDEV.S(C3:G3),2) -> 4.12
B13: 0.3 | C13: =AVERAGE(C4:G4) -> 34.4 | D13: =ROUND(_xlfn.STDEV.S(C4:G4),2) -> 2.72
B14: 0.5 | C14: =AVERAGE(C5:G5) -> 26.88 | D14: =ROUND(_xlfn.STDEV.S(C5:G5),2) -> 3.84
B15: Control | C15: ='Control Pea Total Length'!E8 -> 29.18 | D15: ='Control Pea Total Length'!F8 -> 5.98

Sheet Quisqualis TL (Pea)
A1: Day 7 | B1: Concentration | C1: R1 | D1: R2 | E1: R3 | F1: R4 | G1: R5 | H1: Mean
B2: 0.1 | C2: 38.5 | D2: 35 | E2: 35 | F2: 34 | G2: 35 | H2: =AVERAGE(C2:G2) -> 35.5
B3: 0.2 | C3: 36.5 | D3: 38 | E3: 38 | F3: 35 | G3: 32 | H3: =AVERAGE(C3:G3) -> 35.9
B4: 0.3 | C4: 31.5 | D4: 26.2 | E4: 34.5 | F4: 22.5 | G4: 26.7 | H4: =AVERAGE(C4:G4) -> 28.28
B5: 0.5 | C5: 14.8 | D5: 18.5 | E5: 20.7 | F5: 19.4 | G5: 13.6 | H5: =AVERAGE(C5:G5) -> 17.4
B9: Biochar Concentration | C9: Day 7
C10: Mean | D10: SD
B11: 0.1 | C11: =AVERAGE(C2:G2) -> 35.5 | D11: =ROUND(_xlfn.STDEV.S(C2:G2),2) -> 1.73
B12: 0.2 | C12: =AVERAGE(C3:G3) -> 35.9 | D12: =ROUND(_xlfn.STDEV.S(C3:G3),2) -> 2.51
B13: 0.3 | C13: =AVERAGE(C4:G4) -> 28.28 | D13: =ROUND(_xlfn.STDEV.S(C4:G4),2) -> 4.72
B14: 0.5 | C14: =AVERAGE(C5:G5) -> 17.4 | D14: =ROUND(_xlfn.STDEV.S(C5:G5),2) -> 3.05
B15: Control | C15: ='Control Pea Total Length'!E8 -> 29.18 | D15: ='Control Pea Total Length'!F8 -> 5.98
